42, 0 %, 0 MiB
42, 0 %, 0 MiB
42, 0 %, 3 MiB
42, 0 %, 3 MiB
42, 0 %, 3 MiB
42, 0 %, 3 MiB
42, 0 %, 3 MiB
42, 0 %, 3 MiB
42, 0 %, 3 MiB
42, 0 %, 3 MiB
42, 0 %, 3 MiB
42, 0 %, 3 MiB
42, 0 %, 3 MiB
42, 0 %, 3 MiB
42, 0 %, 3 MiB
42, 0 %, 3 MiB
42, 0 %, 3 MiB
42, 0 %, 3 MiB
42, 0 %, 3 MiB
42, 0 %, 3 MiB
42, 0 %, 3 MiB
42, 0 %, 3 MiB
42, 0 %, 3 MiB
42, 0 %, 3 MiB
42, 0 %, 3 MiB
42, 0 %, 3 MiB
42, 0 %, 3 MiB
42, 0 %, 3 MiB
42, 0 %, 3 MiB
42, 0 %, 3 MiB
42, 0 %, 3 MiB
42, 0 %, 3 MiB
42, 0 %, 3 MiB
42, 0 %, 3 MiB
42, 0 %, 3 MiB
42, 0 %, 3 MiB
42, 0 %, 3 MiB
42, 0 %, 3 MiB
