31, 0 %, 1 MiB
31, 0 %, 3 MiB
31, 0 %, 3 MiB
30, 0 %, 3 MiB
31, 0 %, 3 MiB
31, 0 %, 3 MiB
31, 0 %, 3 MiB
31, 0 %, 3 MiB
31, 0 %, 3 MiB
31, 0 %, 3 MiB
31, 0 %, 3 MiB
31, 0 %, 3 MiB
30, 0 %, 3 MiB
31, 0 %, 3 MiB
30, 0 %, 3 MiB
30, 0 %, 3 MiB
31, 0 %, 3 MiB
30, 0 %, 3 MiB
31, 0 %, 3 MiB
31, 0 %, 3 MiB
31, 0 %, 3 MiB
30, 0 %, 3 MiB
30, 0 %, 3 MiB
30, 0 %, 3 MiB
30, 0 %, 3 MiB
31, 0 %, 3 MiB
30, 0 %, 3 MiB
30, 0 %, 3 MiB
30, 0 %, 3 MiB
30, 0 %, 3 MiB
30, 0 %, 3 MiB
30, 0 %, 3 MiB
30, 0 %, 3 MiB
30, 0 %, 3 MiB
30, 0 %, 3 MiB
30, 0 %, 3 MiB
31, 0 %, 3 MiB
30, 0 %, 3 MiB
31, 0 %, 3 MiB
30, 0 %, 3 MiB
31, 0 %, 3 MiB
31, 0 %, 3 MiB
30, 0 %, 3 MiB
30, 0 %, 3 MiB
30, 0 %, 3 MiB
30, 0 %, 3 MiB
31, 0 %, 3 MiB
30, 0 %, 3 MiB
30, 0 %, 3 MiB
30, 0 %, 3 MiB
30, 0 %, 3 MiB
31, 0 %, 3 MiB
30, 0 %, 3 MiB
30, 0 %, 3 MiB
30, 0 %, 3 MiB
31, 0 %, 3 MiB
31, 0 %, 3 MiB
30, 0 %, 3 MiB
30, 0 %, 3 MiB
30, 0 %, 3 MiB
30, 0 %, 3 MiB
31, 0 %, 3 MiB
30, 0 %, 3 MiB
30, 0 %, 3 MiB
30, 0 %, 3 MiB
30, 0 %, 3 MiB
31, 0 %, 3 MiB
31, 0 %, 3 MiB
30, 0 %, 3 MiB
30, 0 %, 3 MiB
30, 0 %, 3 MiB
31, 0 %, 3 MiB
31, 0 %, 3 MiB
30, 0 %, 3 MiB
30, 0 %, 3 MiB
30, 0 %, 3 MiB
30, 0 %, 3 MiB
31, 0 %, 3 MiB
30, 0 %, 3 MiB
31, 0 %, 3 MiB
30, 0 %, 3 MiB
30, 0 %, 3 MiB
30, 0 %, 3 MiB
30, 0 %, 3 MiB
30, 0 %, 3 MiB
30, 0 %, 3 MiB
30, 0 %, 3 MiB
30, 0 %, 3 MiB
30, 0 %, 3 MiB
30, 0 %, 3 MiB
31, 0 %, 3 MiB
30, 0 %, 3 MiB
31, 0 %, 3 MiB
30, 0 %, 3 MiB
30, 0 %, 3 MiB
31, 0 %, 3 MiB
30, 0 %, 3 MiB
31, 0 %, 3 MiB
30, 0 %, 3 MiB
30, 0 %, 3 MiB
30, 0 %, 3 MiB
30, 0 %, 3 MiB
30, 0 %, 3 MiB
31, 0 %, 3 MiB
30, 0 %, 3 MiB
31, 0 %, 3 MiB
30, 0 %, 3 MiB
30, 0 %, 3 MiB
31, 0 %, 3 MiB
30, 0 %, 3 MiB
30, 0 %, 3 MiB
30, 0 %, 3 MiB
30, 0 %, 3 MiB
31, 0 %, 3 MiB
30, 0 %, 3 MiB
30, 0 %, 3 MiB
30, 0 %, 3 MiB
30, 0 %, 3 MiB
30, 0 %, 3 MiB
30, 0 %, 3 MiB
31, 0 %, 3 MiB
30, 0 %, 3 MiB
30, 0 %, 3 MiB
30, 0 %, 3 MiB
31, 0 %, 3 MiB
30, 0 %, 3 MiB
30, 0 %, 3 MiB
30, 0 %, 3 MiB
30, 0 %, 3 MiB
31, 0 %, 3 MiB
30, 0 %, 3 MiB
31, 0 %, 3 MiB
30, 0 %, 3 MiB
31, 0 %, 3 MiB
30, 0 %, 3 MiB
31, 0 %, 3 MiB
30, 0 %, 3 MiB
31, 0 %, 3 MiB
30, 0 %, 3 MiB
31, 0 %, 3 MiB
31, 0 %, 3 MiB
30, 0 %, 3 MiB
30, 0 %, 3 MiB
31, 0 %, 3 MiB
31, 0 %, 3 MiB
30, 0 %, 3 MiB
30, 0 %, 3 MiB
30, 0 %, 3 MiB
30, 0 %, 3 MiB
30, 0 %, 3 MiB
31, 0 %, 3 MiB
31, 0 %, 3 MiB
31, 0 %, 3 MiB
30, 0 %, 3 MiB
30, 0 %, 3 MiB
30, 0 %, 3 MiB
31, 0 %, 3 MiB
30, 0 %, 3 MiB
30, 0 %, 3 MiB
30, 0 %, 3 MiB
30, 0 %, 3 MiB
31, 0 %, 3 MiB
31, 0 %, 3 MiB
30, 0 %, 3 MiB
31, 0 %, 3 MiB
31, 0 %, 3 MiB
31, 0 %, 3 MiB
31, 0 %, 3 MiB
31, 0 %, 3 MiB
31, 0 %, 3 MiB
30, 0 %, 3 MiB
30, 0 %, 3 MiB
30, 0 %, 3 MiB
30, 0 %, 3 MiB
31, 0 %, 3 MiB
31, 0 %, 3 MiB
31, 0 %, 3 MiB
30, 0 %, 3 MiB
31, 0 %, 3 MiB
30, 0 %, 3 MiB
31, 0 %, 3 MiB
30, 0 %, 3 MiB
30, 0 %, 3 MiB
31, 0 %, 3 MiB
30, 0 %, 3 MiB
30, 0 %, 3 MiB
30, 0 %, 3 MiB
30, 0 %, 3 MiB
30, 0 %, 3 MiB
30, 0 %, 3 MiB
31, 0 %, 3 MiB
30, 0 %, 3 MiB
30, 0 %, 3 MiB
31, 0 %, 3 MiB
30, 0 %, 3 MiB
30, 0 %, 3 MiB
31, 0 %, 3 MiB
31, 0 %, 3 MiB
31, 0 %, 3 MiB
30, 0 %, 3 MiB
30, 0 %, 3 MiB
31, 0 %, 3 MiB
31, 0 %, 3 MiB
31, 0 %, 3 MiB
31, 0 %, 3 MiB
30, 0 %, 3 MiB
30, 0 %, 3 MiB
30, 0 %, 3 MiB
30, 0 %, 3 MiB
30, 0 %, 3 MiB
30, 0 %, 3 MiB
31, 0 %, 3 MiB
30, 0 %, 3 MiB
30, 0 %, 3 MiB
30, 0 %, 3 MiB
31, 0 %, 3 MiB
30, 0 %, 3 MiB
30, 0 %, 3 MiB
30, 0 %, 3 MiB
30, 0 %, 3 MiB
31, 0 %, 3 MiB
30, 0 %, 3 MiB
31, 0 %, 3 MiB
30, 0 %, 3 MiB
30, 0 %, 3 MiB
30, 0 %, 3 MiB
30, 0 %, 3 MiB
30, 0 %, 3 MiB
30, 0 %, 3 MiB
30, 0 %, 3 MiB
30, 0 %, 3 MiB
30, 0 %, 3 MiB
30, 0 %, 3 MiB
30, 0 %, 3 MiB
30, 0 %, 3 MiB
30, 0 %, 3 MiB
30, 0 %, 3 MiB
30, 0 %, 3 MiB
30, 0 %, 3 MiB
30, 0 %, 3 MiB
31, 0 %, 3 MiB
30, 0 %, 3 MiB
30, 0 %, 3 MiB
31, 0 %, 3 MiB
31, 0 %, 3 MiB
30, 0 %, 3 MiB
30, 0 %, 3 MiB
30, 0 %, 3 MiB
30, 0 %, 3 MiB
31, 0 %, 3 MiB
30, 0 %, 3 MiB
30, 0 %, 3 MiB
30, 0 %, 3 MiB
30, 0 %, 3 MiB
31, 0 %, 3 MiB
30, 0 %, 3 MiB
30, 0 %, 3 MiB
31, 0 %, 3 MiB
30, 0 %, 3 MiB
30, 0 %, 3 MiB
31, 0 %, 3 MiB
31, 0 %, 3 MiB
31, 0 %, 3 MiB
30, 0 %, 3 MiB
31, 0 %, 3 MiB
30, 0 %, 3 MiB
30, 0 %, 3 MiB
30, 0 %, 3 MiB
30, 0 %, 3 MiB
30, 0 %, 3 MiB
31, 0 %, 3 MiB
31, 0 %, 3 MiB
31, 0 %, 3 MiB
31, 0 %, 3 MiB
30, 0 %, 3 MiB
30, 0 %, 3 MiB
31, 0 %, 3 MiB
30, 0 %, 3 MiB
30, 0 %, 3 MiB
30, 0 %, 3 MiB
31, 0 %, 3 MiB
31, 0 %, 3 MiB
31, 0 %, 3 MiB
31, 0 %, 3 MiB
31, 0 %, 3 MiB
30, 0 %, 3 MiB
31, 0 %, 3 MiB
30, 0 %, 3 MiB
31, 0 %, 3 MiB
30, 0 %, 3 MiB
31, 0 %, 3 MiB
31, 0 %, 3 MiB
31, 0 %, 3 MiB
30, 0 %, 3 MiB
31, 0 %, 3 MiB
31, 0 %, 3 MiB
31, 0 %, 3 MiB
31, 0 %, 3 MiB
31, 0 %, 3 MiB
31, 0 %, 3 MiB
30, 0 %, 3 MiB
31, 0 %, 3 MiB
31, 0 %, 3 MiB
31, 0 %, 3 MiB
30, 0 %, 3 MiB
31, 0 %, 3 MiB
31, 0 %, 3 MiB
31, 0 %, 3 MiB
31, 0 %, 3 MiB
30, 0 %, 3 MiB
30, 0 %, 3 MiB
31, 0 %, 3 MiB
30, 0 %, 3 MiB
31, 0 %, 3 MiB
30, 0 %, 3 MiB
30, 0 %, 3 MiB
31, 0 %, 3 MiB
31, 0 %, 3 MiB
30, 0 %, 3 MiB
30, 0 %, 3 MiB
31, 0 %, 3 MiB
31, 0 %, 3 MiB
31, 0 %, 3 MiB
31, 0 %, 3 MiB
30, 0 %, 3 MiB
31, 0 %, 3 MiB
31, 0 %, 3 MiB
31, 0 %, 3 MiB
31, 0 %, 3 MiB
31, 0 %, 3 MiB
31, 0 %, 3 MiB
31, 0 %, 3 MiB
31, 0 %, 3 MiB
31, 0 %, 3 MiB
31, 0 %, 3 MiB
31, 0 %, 3 MiB
31, 0 %, 3 MiB
31, 0 %, 3 MiB
31, 0 %, 3 MiB
31, 0 %, 3 MiB
31, 0 %, 3 MiB
31, 0 %, 3 MiB
31, 0 %, 3 MiB
31, 0 %, 3 MiB
31, 0 %, 3 MiB
31, 0 %, 3 MiB
31, 0 %, 3 MiB
31, 0 %, 3 MiB
31, 0 %, 3 MiB
31, 0 %, 3 MiB
31, 0 %, 3 MiB
31, 0 %, 3 MiB
31, 0 %, 3 MiB
31, 0 %, 3 MiB
31, 0 %, 3 MiB
